{"cameraMode":{"drawMode":0,"name":"Shaded","section":"Shading Mode"},"sceneLighting":true,"audioPlay":false,"sceneViewState":{"m_AlwaysRefresh":false,"showFog":true,"showSkybox":true,"showFlares":true,"showImageEffects":true,"showParticleSystems":true,"showVisualEffectGraphs":true,"m_FxEnabled":true},"in2DMode":false,"pivot":{"x":1.30177640914917,"y":0.09771259129047394,"z":-0.7055273056030273},"rotation":{"x":-0.015378651209175587,"y":0.9971900582313538,"z":0.06129144877195358,"w":0.06005894020199776},"size":0.4893830120563507,"orthographic":true}