{"cameraMode":{"drawMode":0,"name":"Shaded","section":"Shading Mode"},"sceneLighting":true,"audioPlay":false,"sceneViewState":{"m_AlwaysRefresh":false,"showFog":true,"showSkybox":true,"showFlares":true,"showImageEffects":true,"showParticleSystems":true,"showVisualEffectGraphs":true,"m_FxEnabled":true},"in2DMode":false,"pivot":{"x":-16.586082458496095,"y":10.489999771118164,"z":4.900000095367432},"rotation":{"x":0.006219138391315937,"y":-0.9988753199577332,"z":0.04269268363714218,"w":0.04134450480341911},"size":1.955822229385376,"orthographic":true}