{"cameraMode":{"drawMode":0,"name":"Shaded","section":"Shading Mode"},"sceneLighting":true,"audioPlay":false,"sceneViewState":{"m_AlwaysRefresh":false,"showFog":true,"showSkybox":true,"showFlares":true,"showImageEffects":true,"showParticleSystems":true,"showVisualEffectGraphs":true,"m_FxEnabled":true},"in2DMode":false,"pivot":{"x":2.3180673122406008,"y":-0.05792274326086044,"z":-0.29289117455482485},"rotation":{"x":-0.012080177664756775,"y":0.9401040077209473,"z":0.0026165687013417484,"w":0.343533992767334},"size":0.9215810894966126,"orthographic":true}