{"cameraMode":{"drawMode":0,"name":"Shaded","section":"Shading Mode"},"sceneLighting":true,"audioPlay":false,"sceneViewState":{"m_AlwaysRefresh":false,"showFog":true,"showSkybox":true,"showFlares":true,"showImageEffects":true,"showParticleSystems":true,"showVisualEffectGraphs":true,"m_FxEnabled":true},"in2DMode":false,"pivot":{"x":2.109999895095825,"y":-0.08757565915584564,"z":-0.03513476252555847},"rotation":{"x":-0.0005943839787505567,"y":0.9976266622543335,"z":-0.07287892699241638,"w":0.013528114184737206},"size":0.8643916845321655,"orthographic":false}