{"cameraMode":{"drawMode":0,"name":"Shaded","section":"Shading Mode"},"sceneLighting":true,"audioPlay":false,"sceneViewState":{"m_AlwaysRefresh":false,"showFog":true,"showSkybox":true,"showFlares":true,"showImageEffects":true,"showParticleSystems":true,"showVisualEffectGraphs":true,"m_FxEnabled":true},"in2DMode":false,"pivot":{"x":25.479026794433595,"y":11.736818313598633,"z":-25.883914947509767},"rotation":{"x":0.23375657200813294,"y":0.5867962837219238,"z":-0.19308656454086305,"w":0.752560555934906},"size":0.4890991747379303,"orthographic":true}