{"cameraMode":{"drawMode":0,"name":"Shaded","section":"Shading Mode"},"sceneLighting":true,"audioPlay":false,"sceneViewState":{"m_AlwaysRefresh":false,"showFog":true,"showSkybox":true,"showFlares":true,"showImageEffects":true,"showParticleSystems":true,"showVisualEffectGraphs":true,"m_FxEnabled":true},"in2DMode":false,"pivot":{"x":1.30177640914917,"y":0.09771259129047394,"z":-0.7055273056030273},"rotation":{"x":0.004949937108904123,"y":0.8815131783485413,"z":-0.02465963549911976,"w":0.4742462635040283},"size":0.5618738532066345,"orthographic":true}