{"cameraMode":{"drawMode":0,"name":"Shaded","section":"Shading Mode"},"sceneLighting":true,"audioPlay":false,"sceneViewState":{"m_AlwaysRefresh":false,"showFog":true,"showSkybox":true,"showFlares":true,"showImageEffects":true,"showParticleSystems":true,"showVisualEffectGraphs":true,"m_FxEnabled":true},"in2DMode":false,"pivot":{"x":25.42121124267578,"y":11.61990737915039,"z":-26.50338363647461},"rotation":{"x":0.016465989872813226,"y":-0.9044361710548401,"z":-0.00547516904771328,"w":-0.4290201961994171},"size":0.17184396088123322,"orthographic":true}