{"cameraMode":{"drawMode":0,"name":"Shaded","section":"Shading Mode"},"sceneLighting":true,"audioPlay":false,"sceneViewState":{"m_AlwaysRefresh":false,"showFog":true,"showSkybox":true,"showFlares":true,"showImageEffects":true,"showParticleSystems":true,"showVisualEffectGraphs":true,"m_FxEnabled":true},"in2DMode":false,"pivot":{"x":2.0456337928771974,"y":0.20365922152996064,"z":-0.25640061497688296},"rotation":{"x":0.17735300958156587,"y":-0.32943710684776308,"z":0.05788238346576691,"w":0.9261249899864197},"size":0.027663754299283029,"orthographic":false}