{"cameraMode":{"drawMode":0,"name":"Shaded","section":"Shading Mode"},"sceneLighting":true,"audioPlay":false,"sceneViewState":{"m_AlwaysRefresh":false,"showFog":true,"showSkybox":true,"showFlares":true,"showImageEffects":true,"showParticleSystems":true,"showVisualEffectGraphs":true,"m_FxEnabled":true},"in2DMode":false,"pivot":{"x":1.7061043977737427,"y":2.278625249862671,"z":0.10075929760932923},"rotation":{"x":-0.015378651209175587,"y":0.9971900582313538,"z":0.06129144877195358,"w":0.06005894020199776},"size":2.0759429931640627,"orthographic":true}