{"cameraMode":{"drawMode":0,"name":"Shaded","section":"Shading Mode"},"sceneLighting":true,"audioPlay":false,"sceneViewState":{"m_AlwaysRefresh":false,"showFog":true,"showSkybox":true,"showFlares":true,"showImageEffects":true,"showParticleSystems":true,"showVisualEffectGraphs":true,"m_FxEnabled":true},"in2DMode":false,"pivot":{"x":-0.18835939466953278,"y":0.12064304202795029,"z":-1.4915674924850464},"rotation":{"x":0.009545310400426388,"y":0.008766375482082367,"z":0.006728678941726685,"w":-1.0006721019744874},"size":2.2808096408843996,"orthographic":true}