{"cameraMode":{"drawMode":0,"name":"Shaded","section":"Shading Mode"},"sceneLighting":true,"audioPlay":false,"sceneViewState":{"m_AlwaysRefresh":false,"showFog":true,"showSkybox":true,"showFlares":true,"showImageEffects":true,"showParticleSystems":true,"showVisualEffectGraphs":true,"m_FxEnabled":true},"in2DMode":false,"pivot":{"x":4.724209308624268,"y":0.20175577700138093,"z":-0.31685203313827517},"rotation":{"x":-0.04606699198484421,"y":0.6954544186592102,"z":-0.044660281389951709,"w":-0.7158159613609314},"size":0.10890652239322663,"orthographic":false}