{"cameraMode":{"drawMode":0,"name":"Shaded","section":"Shading Mode"},"sceneLighting":true,"audioPlay":false,"sceneViewState":{"m_AlwaysRefresh":false,"showFog":true,"showSkybox":true,"showFlares":true,"showImageEffects":true,"showParticleSystems":true,"showVisualEffectGraphs":true,"m_FxEnabled":true},"in2DMode":false,"pivot":{"x":2.082550525665283,"y":0.33329442143440249,"z":0.7234105467796326},"rotation":{"x":0.004410154186189175,"y":-0.9951671361923218,"z":0.09760027378797531,"w":0.02788369357585907},"size":0.3982381224632263,"orthographic":false}