{"cameraMode":{"drawMode":0,"name":"Shaded","section":"Shading Mode"},"sceneLighting":true,"audioPlay":false,"sceneViewState":{"m_AlwaysRefresh":false,"showFog":true,"showSkybox":true,"showFlares":true,"showImageEffects":true,"showParticleSystems":true,"showVisualEffectGraphs":true,"m_FxEnabled":true},"in2DMode":false,"pivot":{"x":1.5701398849487305,"y":0.2551613748073578,"z":-0.08628436923027039},"rotation":{"x":-0.01219225861132145,"y":0.9983588457107544,"z":0.0678403303027153,"w":0.02261616475880146},"size":1.2216298580169678,"orthographic":true}