{"cameraMode":{"drawMode":0,"name":"Shaded","section":"Shading Mode"},"sceneLighting":true,"audioPlay":false,"sceneViewState":{"m_AlwaysRefresh":false,"showFog":true,"showSkybox":true,"showFlares":true,"showImageEffects":true,"showParticleSystems":true,"showVisualEffectGraphs":true,"m_FxEnabled":true},"in2DMode":false,"pivot":{"x":15.298749923706055,"y":11.051259994506836,"z":-15.148749351501465},"rotation":{"x":0.05677153170108795,"y":0.6883659362792969,"z":0.05818912759423256,"w":-0.7215386033058167},"size":24.843042373657228,"orthographic":false}