{"cameraMode":{"drawMode":0,"name":"Shaded","section":"Shading Mode"},"sceneLighting":true,"audioPlay":false,"sceneViewState":{"m_AlwaysRefresh":false,"showFog":true,"showSkybox":true,"showFlares":true,"showImageEffects":true,"showParticleSystems":true,"showVisualEffectGraphs":true,"m_FxEnabled":true},"in2DMode":false,"pivot":{"x":2.4661455154418947,"y":-0.31078654527664187,"z":0.27788081765174868},"rotation":{"x":-0.06903786957263947,"y":0.9341678619384766,"z":-0.23916500806808473,"w":-0.2580823004245758},"size":1.5405429601669312,"orthographic":true}