{"cameraMode":{"drawMode":0,"name":"Shaded","section":"Shading Mode"},"sceneLighting":true,"audioPlay":false,"sceneViewState":{"m_AlwaysRefresh":false,"showFog":true,"showSkybox":true,"showFlares":true,"showImageEffects":true,"showParticleSystems":true,"showVisualEffectGraphs":true,"m_FxEnabled":true},"in2DMode":false,"pivot":{"x":1.7336784601211548,"y":-0.005147505551576614,"z":-1.389997124671936},"rotation":{"x":0.06122719869017601,"y":0.7510861158370972,"z":-0.08100197464227677,"w":0.6535158157348633},"size":0.8660253882408142,"orthographic":true}