{"cameraMode":{"drawMode":0,"name":"Shaded","section":"Shading Mode"},"sceneLighting":true,"audioPlay":false,"sceneViewState":{"m_AlwaysRefresh":false,"showFog":true,"showSkybox":true,"showFlares":true,"showImageEffects":true,"showParticleSystems":true,"showVisualEffectGraphs":true,"m_FxEnabled":true},"in2DMode":false,"pivot":{"x":26.3879337310791,"y":12.000778198242188,"z":-24.877613067626954},"rotation":{"x":-0.048897698521614078,"y":0.39816299080848696,"z":0.011710600927472115,"w":0.9172723889350891},"size":0.45677506923675539,"orthographic":true}