{"cameraMode":{"drawMode":0,"name":"Shaded","section":"Shading Mode"},"sceneLighting":true,"audioPlay":false,"sceneViewState":{"m_AlwaysRefresh":false,"showFog":true,"showSkybox":true,"showFlares":true,"showImageEffects":true,"showParticleSystems":true,"showVisualEffectGraphs":true,"m_FxEnabled":true},"in2DMode":false,"pivot":{"x":2.005841016769409,"y":-0.12652146816253663,"z":0.27241596579551699},"rotation":{"x":-0.005238048732280731,"y":0.9674510359764099,"z":-0.041089680045843127,"w":0.2536681890487671},"size":1.5561280250549317,"orthographic":true}