{"cameraMode":{"drawMode":0,"name":"Shaded","section":"Shading Mode"},"sceneLighting":true,"audioPlay":false,"sceneViewState":{"m_AlwaysRefresh":false,"showFog":true,"showSkybox":true,"showFlares":true,"showImageEffects":true,"showParticleSystems":true,"showVisualEffectGraphs":true,"m_FxEnabled":true},"in2DMode":false,"pivot":{"x":25.40289306640625,"y":11.741275787353516,"z":-26.439041137695314},"rotation":{"x":-0.00140182429458946,"y":-0.9707952737808228,"z":0.05991067737340927,"w":-0.23734618723392487},"size":0.18098610639572144,"orthographic":true}