{"cameraMode":{"drawMode":0,"name":"Shaded","section":"Shading Mode"},"sceneLighting":true,"audioPlay":false,"sceneViewState":{"m_AlwaysRefresh":false,"showFog":true,"showSkybox":true,"showFlares":true,"showImageEffects":true,"showParticleSystems":true,"showVisualEffectGraphs":true,"m_FxEnabled":true},"in2DMode":false,"pivot":{"x":1073.0750732421875,"y":1358.3116455078125,"z":-150.11843872070313},"rotation":{"x":0.004237940534949303,"y":-0.07590767741203308,"z":-0.004225177224725485,"w":0.9976972341537476},"size":375.0751953125,"orthographic":false}