{"cameraMode":{"drawMode":0,"name":"Shaded","section":"Shading Mode"},"sceneLighting":true,"audioPlay":false,"sceneViewState":{"m_AlwaysRefresh":false,"showFog":true,"showSkybox":true,"showFlares":true,"showImageEffects":true,"showParticleSystems":true,"showVisualEffectGraphs":true,"m_FxEnabled":true},"in2DMode":false,"pivot":{"x":2.2311556339263918,"y":0.148434579372406,"z":0.5094537734985352},"rotation":{"x":-0.011149566620588303,"y":0.9895838499069214,"z":0.07776419818401337,"w":0.12367474287748337},"size":0.6431971788406372,"orthographic":false}