{"cameraMode":{"drawMode":0,"name":"Shaded","section":"Shading Mode"},"sceneLighting":true,"audioPlay":false,"sceneViewState":{"m_AlwaysRefresh":false,"showFog":true,"showSkybox":true,"showFlares":true,"showImageEffects":true,"showParticleSystems":true,"showVisualEffectGraphs":true,"m_FxEnabled":true},"in2DMode":false,"pivot":{"x":0.684747576713562,"y":0.01380503736436367,"z":-0.7830714583396912},"rotation":{"x":-0.006518770474940538,"y":0.9929448366165161,"z":-0.09893353283405304,"w":-0.06532870978116989},"size":0.8766749501228333,"orthographic":false}