{"cameraMode":{"drawMode":0,"name":"Shaded","section":"Shading Mode"},"sceneLighting":true,"audioPlay":false,"sceneViewState":{"m_AlwaysRefresh":false,"showFog":true,"showSkybox":true,"showFlares":true,"showImageEffects":true,"showParticleSystems":true,"showVisualEffectGraphs":true,"m_FxEnabled":true},"in2DMode":false,"pivot":{"x":1.062000036239624,"y":0.2900000214576721,"z":-0.6000000238418579},"rotation":{"x":0.002032809890806675,"y":0.9898433089256287,"z":-0.09275085479021073,"w":0.11652841418981552},"size":0.8660253882408142,"orthographic":true}