{"cameraMode":{"drawMode":0,"name":"Shaded","section":"Shading Mode"},"sceneLighting":true,"audioPlay":false,"sceneViewState":{"m_AlwaysRefresh":false,"showFog":true,"showSkybox":true,"showFlares":true,"showImageEffects":true,"showParticleSystems":true,"showVisualEffectGraphs":true,"m_FxEnabled":true},"in2DMode":false,"pivot":{"x":1.4215456247329713,"y":0.12842924892902375,"z":-0.7144599556922913},"rotation":{"x":-0.007366997189819813,"y":-0.9799246788024902,"z":-0.06031686067581177,"w":0.19335941970348359},"size":0.6573646068572998,"orthographic":true}