{"cameraMode":{"drawMode":0,"name":"Shaded","section":"Shading Mode"},"sceneLighting":true,"audioPlay":false,"sceneViewState":{"m_AlwaysRefresh":false,"showFog":true,"showSkybox":true,"showFlares":true,"showImageEffects":true,"showParticleSystems":true,"showVisualEffectGraphs":true,"m_FxEnabled":true},"in2DMode":false,"pivot":{"x":1.0630000829696656,"y":-0.030000001192092897,"z":-0.6000000238418579},"rotation":{"x":0.05010705068707466,"y":0.9416829943656921,"z":-0.239610955119133,"w":0.23512433469295503},"size":0.8660253882408142,"orthographic":true}