{"cameraMode":{"drawMode":0,"name":"Shaded","section":"Shading Mode"},"sceneLighting":true,"audioPlay":false,"sceneViewState":{"m_AlwaysRefresh":false,"showFog":true,"showSkybox":true,"showFlares":true,"showImageEffects":true,"showParticleSystems":true,"showVisualEffectGraphs":true,"m_FxEnabled":true},"in2DMode":false,"pivot":{"x":-0.37207457423210146,"y":0.5398682951927185,"z":0.729442298412323},"rotation":{"x":-0.006839582696557045,"y":0.9874590635299683,"z":-0.04023377597332001,"w":-0.15404219925403596},"size":2.199554204940796,"orthographic":false}