{"cameraMode":{"drawMode":0,"name":"Shaded","section":"Shading Mode"},"sceneLighting":true,"audioPlay":false,"sceneViewState":{"m_AlwaysRefresh":false,"showFog":true,"showSkybox":true,"showFlares":true,"showImageEffects":true,"showParticleSystems":true,"showVisualEffectGraphs":true,"m_FxEnabled":true},"in2DMode":false,"pivot":{"x":2.1103529930114748,"y":-0.1583729088306427,"z":0.10932926833629608},"rotation":{"x":0.0071953958831727509,"y":0.9891120195388794,"z":-0.09962233155965805,"w":0.11340325325727463},"size":0.611513614654541,"orthographic":false}