{"cameraMode":{"drawMode":0,"name":"Shaded","section":"Shading Mode"},"sceneLighting":true,"audioPlay":false,"sceneViewState":{"m_AlwaysRefresh":false,"showFog":true,"showSkybox":true,"showFlares":true,"showImageEffects":true,"showParticleSystems":true,"showVisualEffectGraphs":true,"m_FxEnabled":true},"in2DMode":false,"pivot":{"x":25.996803283691408,"y":11.585426330566407,"z":-25.471538543701173},"rotation":{"x":0.03741541877388954,"y":0.7652369141578674,"z":-0.05483858659863472,"w":0.6422982215881348},"size":0.3438306748867035,"orthographic":true}