{"cameraMode":{"drawMode":0,"name":"Shaded","section":"Shading Mode"},"sceneLighting":true,"audioPlay":false,"sceneViewState":{"m_AlwaysRefresh":false,"showFog":true,"showSkybox":true,"showFlares":true,"showImageEffects":true,"showParticleSystems":true,"showVisualEffectGraphs":true,"m_FxEnabled":true},"in2DMode":false,"pivot":{"x":25.429615020751954,"y":12.720718383789063,"z":-25.42831802368164},"rotation":{"x":-0.006349687464535236,"y":0.9950350522994995,"z":-0.10959139466285706,"w":0.02050561085343361},"size":0.18098610639572144,"orthographic":true}