{"cameraMode":{"drawMode":0,"name":"Shaded","section":"Shading Mode"},"sceneLighting":true,"audioPlay":false,"sceneViewState":{"m_AlwaysRefresh":false,"showFog":true,"showSkybox":true,"showFlares":true,"showImageEffects":true,"showParticleSystems":true,"showVisualEffectGraphs":true,"m_FxEnabled":true},"in2DMode":false,"pivot":{"x":1.909739375114441,"y":0.0526520274579525,"z":-0.06891558319330216},"rotation":{"x":0.004736802075058222,"y":-0.9979851841926575,"z":-0.06799017637968064,"w":-0.024385591968894006},"size":0.9354205131530762,"orthographic":true}