{"cameraMode":{"drawMode":0,"name":"Shaded","section":"Shading Mode"},"sceneLighting":true,"audioPlay":false,"sceneViewState":{"m_AlwaysRefresh":false,"showFog":true,"showSkybox":true,"showFlares":true,"showImageEffects":true,"showParticleSystems":true,"showVisualEffectGraphs":true,"m_FxEnabled":true},"in2DMode":false,"pivot":{"x":1.7336784601211548,"y":-0.005147505551576614,"z":-2.1499972343444826},"rotation":{"x":0.13550375401973725,"y":0.7587822675704956,"z":-0.17867648601531983,"w":0.6127747297286987},"size":0.8660253882408142,"orthographic":true}