{"cameraMode":{"drawMode":0,"name":"Shaded","section":"Shading Mode"},"sceneLighting":true,"audioPlay":false,"sceneViewState":{"m_AlwaysRefresh":false,"showFog":true,"showSkybox":true,"showFlares":true,"showImageEffects":true,"showParticleSystems":true,"showVisualEffectGraphs":true,"m_FxEnabled":true},"in2DMode":false,"pivot":{"x":4.51836633682251,"y":0.14321039617061616,"z":0.04875683784484863},"rotation":{"x":0.38147926330566409,"y":0.029543615877628328,"z":-0.014886556193232537,"w":0.9243146777153015},"size":0.3250662386417389,"orthographic":false}