{"cameraMode":{"drawMode":0,"name":"Shaded","section":"Shading Mode"},"sceneLighting":true,"audioPlay":false,"sceneViewState":{"m_AlwaysRefresh":false,"showFog":true,"showSkybox":true,"showFlares":true,"showImageEffects":true,"showParticleSystems":true,"showVisualEffectGraphs":true,"m_FxEnabled":true},"in2DMode":false,"pivot":{"x":26.026222229003908,"y":12.003999710083008,"z":-25.82330322265625},"rotation":{"x":-0.027686120942234994,"y":-0.8979260325431824,"z":0.08155828714370728,"w":-0.43428677320480349},"size":0.8660253882408142,"orthographic":true}