{"cameraMode":{"drawMode":0,"name":"Shaded","section":"Shading Mode"},"sceneLighting":true,"audioPlay":false,"sceneViewState":{"m_AlwaysRefresh":false,"showFog":true,"showSkybox":true,"showFlares":true,"showImageEffects":true,"showParticleSystems":true,"showVisualEffectGraphs":true,"m_FxEnabled":true},"in2DMode":false,"pivot":{"x":3.19024395942688,"y":1.9491208791732789,"z":0.24320752918720246},"rotation":{"x":0.00499722920358181,"y":-0.9897860288619995,"z":-0.002899515675380826,"w":-0.14693152904510499},"size":1.3267306089401246,"orthographic":true}