{"cameraMode":{"drawMode":0,"name":"Shaded","section":"Shading Mode"},"sceneLighting":true,"audioPlay":false,"sceneViewState":{"m_AlwaysRefresh":false,"showFog":true,"showSkybox":true,"showFlares":true,"showImageEffects":true,"showParticleSystems":true,"showVisualEffectGraphs":true,"m_FxEnabled":true},"in2DMode":false,"pivot":{"x":1.803084373474121,"y":0.19845831394195558,"z":-0.5295900106430054},"rotation":{"x":-0.007410649675875902,"y":0.9979069828987122,"z":0.024152303114533426,"w":0.07018493860960007},"size":0.09558767825365067,"orthographic":true}