{"cameraMode":{"drawMode":0,"name":"Shaded","section":"Shading Mode"},"sceneLighting":true,"audioPlay":false,"sceneViewState":{"m_AlwaysRefresh":false,"showFog":true,"showSkybox":true,"showFlares":true,"showImageEffects":true,"showParticleSystems":true,"showVisualEffectGraphs":true,"m_FxEnabled":true},"in2DMode":false,"pivot":{"x":52.150001525878909,"y":0.1559612900018692,"z":-0.3147890567779541},"rotation":{"x":0.007007363718003035,"y":-1.000675916671753,"z":-0.018587389960885049,"w":-0.0023597795516252519},"size":0.5836926102638245,"orthographic":true}