{"cameraMode":{"drawMode":0,"name":"Shaded","section":"Shading Mode"},"sceneLighting":true,"audioPlay":false,"sceneViewState":{"m_AlwaysRefresh":false,"showFog":true,"showSkybox":true,"showFlares":true,"showImageEffects":true,"showParticleSystems":true,"showVisualEffectGraphs":true,"m_FxEnabled":true},"in2DMode":false,"pivot":{"x":25.744647979736329,"y":11.389830589294434,"z":-25.76643943786621},"rotation":{"x":-0.05082746967673302,"y":-0.8690341711044312,"z":0.11224907636642456,"w":-0.48157286643981936},"size":0.31221646070480349,"orthographic":true}