{"cameraMode":{"drawMode":0,"name":"Shaded","section":"Shading Mode"},"sceneLighting":true,"audioPlay":false,"sceneViewState":{"m_AlwaysRefresh":false,"showFog":true,"showSkybox":true,"showFlares":true,"showImageEffects":true,"showParticleSystems":true,"showVisualEffectGraphs":true,"m_FxEnabled":true},"in2DMode":false,"pivot":{"x":2.302837610244751,"y":0.616743803024292,"z":-1.0974735021591187},"rotation":{"x":-0.001093646278604865,"y":0.9985604286193848,"z":0.02216361276805401,"w":0.04977016523480415},"size":1.8372933864593506,"orthographic":false}