{"cameraMode":{"drawMode":0,"name":"Shaded","section":"Shading Mode"},"sceneLighting":true,"audioPlay":false,"sceneViewState":{"m_AlwaysRefresh":false,"showFog":true,"showSkybox":true,"showFlares":true,"showImageEffects":true,"showParticleSystems":true,"showVisualEffectGraphs":true,"m_FxEnabled":true},"in2DMode":false,"pivot":{"x":1.062000036239624,"y":0.2900000214576721,"z":-0.6000000238418579},"rotation":{"x":0.019205104559659959,"y":0.9704282283782959,"z":-0.2044178992509842,"w":0.1344955861568451},"size":0.8660253882408142,"orthographic":true}