{"cameraMode":{"drawMode":0,"name":"Shaded","section":"Shading Mode"},"sceneLighting":true,"audioPlay":false,"sceneViewState":{"m_AlwaysRefresh":false,"showFog":true,"showSkybox":true,"showFlares":true,"showImageEffects":true,"showParticleSystems":true,"showVisualEffectGraphs":true,"m_FxEnabled":true},"in2DMode":false,"pivot":{"x":2.337141275405884,"y":0.009931579232215882,"z":-0.5009102821350098},"rotation":{"x":0.030378086492419244,"y":0.7276275157928467,"z":0.04228518158197403,"w":-0.6851302981376648},"size":0.30982068181037905,"orthographic":true}