{"cameraMode":{"drawMode":0,"name":"Shaded","section":"Shading Mode"},"sceneLighting":true,"audioPlay":false,"sceneViewState":{"m_AlwaysRefresh":false,"showFog":true,"showSkybox":true,"showFlares":true,"showImageEffects":true,"showParticleSystems":true,"showVisualEffectGraphs":true,"m_FxEnabled":true},"in2DMode":false,"pivot":{"x":25.677688598632814,"y":11.403200149536133,"z":-25.9699649810791},"rotation":{"x":0.058259543031454089,"y":0.9263138175010681,"z":-0.18984436988830567,"w":0.3240659236907959},"size":0.074024498462677,"orthographic":true}