{"cameraMode":{"drawMode":0,"name":"Shaded","section":"Shading Mode"},"sceneLighting":true,"audioPlay":false,"sceneViewState":{"m_AlwaysRefresh":false,"showFog":true,"showSkybox":true,"showFlares":true,"showImageEffects":true,"showParticleSystems":true,"showVisualEffectGraphs":true,"m_FxEnabled":true},"in2DMode":false,"pivot":{"x":1.7336784601211548,"y":-0.005147505551576614,"z":-1.389997124671936},"rotation":{"x":0.002072469564154744,"y":0.9915326237678528,"z":-0.08212532848119736,"w":0.1078895702958107},"size":1.1829766035079957,"orthographic":true}