{"cameraMode":{"drawMode":0,"name":"Shaded","section":"Shading Mode"},"sceneLighting":true,"audioPlay":false,"sceneViewState":{"m_AlwaysRefresh":false,"showFog":true,"showSkybox":true,"showFlares":true,"showImageEffects":true,"showParticleSystems":true,"showVisualEffectGraphs":true,"m_FxEnabled":true},"in2DMode":false,"pivot":{"x":-15.890339851379395,"y":11.695860862731934,"z":1.492214322090149},"rotation":{"x":0.11859814077615738,"y":-0.6671373248100281,"z":0.10199984163045883,"w":0.7292212843894959},"size":11.81318187713623,"orthographic":true}