{"cameraMode":{"drawMode":0,"name":"Shaded","section":"Shading Mode"},"sceneLighting":true,"audioPlay":false,"sceneViewState":{"m_AlwaysRefresh":false,"showFog":true,"showSkybox":true,"showFlares":true,"showImageEffects":true,"showParticleSystems":true,"showVisualEffectGraphs":true,"m_FxEnabled":true},"in2DMode":false,"pivot":{"x":25.98342514038086,"y":10.963740348815918,"z":-24.532140731811525},"rotation":{"x":-0.14346572756767274,"y":-0.8305901288986206,"z":0.28318488597869875,"w":-0.4600363075733185},"size":0.13734833896160127,"orthographic":true}