{"cameraMode":{"drawMode":0,"name":"Shaded","section":"Shading Mode"},"sceneLighting":true,"audioPlay":false,"sceneViewState":{"m_AlwaysRefresh":false,"showFog":true,"showSkybox":true,"showFlares":true,"showImageEffects":true,"showParticleSystems":true,"showVisualEffectGraphs":true,"m_FxEnabled":true},"in2DMode":false,"pivot":{"x":25.239736557006837,"y":12.034335136413575,"z":-25.640060424804689},"rotation":{"x":0.21647191047668458,"y":0.7591584324836731,"z":-0.5169599056243897,"w":0.3348928689956665},"size":0.45838019251823428,"orthographic":true}