{"cameraMode":{"drawMode":0,"name":"Shaded","section":"Shading Mode"},"sceneLighting":true,"audioPlay":false,"sceneViewState":{"m_AlwaysRefresh":false,"showFog":true,"showSkybox":true,"showFlares":true,"showImageEffects":true,"showParticleSystems":true,"showVisualEffectGraphs":true,"m_FxEnabled":true},"in2DMode":false,"pivot":{"x":317.56500244140627,"y":206.6666717529297,"z":1.5299997329711915},"rotation":{"x":-0.05034036934375763,"y":-0.014440861530601979,"z":0.005189167335629463,"w":-0.9992151856422424},"size":468.62921142578127,"orthographic":true}