{"cameraMode":{"drawMode":0,"name":"Shaded","section":"Shading Mode"},"sceneLighting":true,"audioPlay":false,"sceneViewState":{"m_AlwaysRefresh":false,"showFog":true,"showSkybox":true,"showFlares":true,"showImageEffects":true,"showParticleSystems":true,"showVisualEffectGraphs":true,"m_FxEnabled":true},"in2DMode":false,"pivot":{"x":25.99152183532715,"y":11.428048133850098,"z":-25.566083908081056},"rotation":{"x":-0.0552234873175621,"y":-0.8214723467826843,"z":0.10017424076795578,"w":-0.5607420206069946},"size":0.23719480633735658,"orthographic":true}