{"cameraMode":{"drawMode":0,"name":"Shaded","section":"Shading Mode"},"sceneLighting":true,"audioPlay":false,"sceneViewState":{"m_AlwaysRefresh":false,"showFog":true,"showSkybox":true,"showFlares":true,"showImageEffects":true,"showParticleSystems":true,"showVisualEffectGraphs":true,"m_FxEnabled":true},"in2DMode":false,"pivot":{"x":2.724421262741089,"y":0.9890669584274292,"z":-0.09677360206842423},"rotation":{"x":0.3564685583114624,"y":0.05719079077243805,"z":-0.029036665335297586,"w":0.9329346418380737},"size":2.853001594543457,"orthographic":true}