{"cameraMode":{"drawMode":0,"name":"Shaded","section":"Shading Mode"},"sceneLighting":true,"audioPlay":false,"sceneViewState":{"m_AlwaysRefresh":false,"showFog":true,"showSkybox":true,"showFlares":true,"showImageEffects":true,"showParticleSystems":true,"showVisualEffectGraphs":true,"m_FxEnabled":true},"in2DMode":false,"pivot":{"x":-16.407941818237306,"y":13.439181327819825,"z":1.2681547403335572},"rotation":{"x":0.07356102764606476,"y":-0.6936929225921631,"z":0.06535409390926361,"w":0.714440107345581},"size":6.3493170738220219,"orthographic":true}