{"cameraMode":{"drawMode":0,"name":"Shaded","section":"Shading Mode"},"sceneLighting":true,"audioPlay":false,"sceneViewState":{"m_AlwaysRefresh":false,"showFog":true,"showSkybox":true,"showFlares":true,"showImageEffects":true,"showParticleSystems":true,"showVisualEffectGraphs":true,"m_FxEnabled":true},"in2DMode":false,"pivot":{"x":25.479026794433595,"y":11.736818313598633,"z":-25.883914947509767},"rotation":{"x":0.23254874348640443,"y":0.7585299611091614,"z":-0.4043410122394562,"w":0.45788636803627016},"size":0.4890991747379303,"orthographic":true}