{"cameraMode":{"drawMode":0,"name":"Shaded","section":"Shading Mode"},"sceneLighting":true,"audioPlay":false,"sceneViewState":{"m_AlwaysRefresh":false,"showFog":true,"showSkybox":true,"showFlares":true,"showImageEffects":true,"showParticleSystems":true,"showVisualEffectGraphs":true,"m_FxEnabled":true},"in2DMode":false,"pivot":{"x":1.299014925956726,"y":0.012346040457487107,"z":-0.032907500863075259},"rotation":{"x":0.023331651464104654,"y":-0.9292722344398499,"z":0.05689913034439087,"w":0.365408331155777},"size":0.9371828436851502,"orthographic":false}