{"cameraMode":{"drawMode":0,"name":"Shaded","section":"Shading Mode"},"sceneLighting":true,"audioPlay":false,"sceneViewState":{"m_AlwaysRefresh":false,"showFog":true,"showSkybox":true,"showFlares":true,"showImageEffects":true,"showParticleSystems":true,"showVisualEffectGraphs":true,"m_FxEnabled":true},"in2DMode":false,"pivot":{"x":2.109999895095825,"y":-0.008979275822639466,"z":0.00662916898727417},"rotation":{"x":0.013307209126651287,"y":-0.9877197742462158,"z":0.12950840592384339,"w":0.09079259634017945},"size":0.8010392785072327,"orthographic":false}