{"cameraMode":{"drawMode":0,"name":"Shaded","section":"Shading Mode"},"sceneLighting":true,"audioPlay":false,"sceneViewState":{"m_AlwaysRefresh":false,"showFog":true,"showSkybox":true,"showFlares":true,"showImageEffects":true,"showParticleSystems":true,"showVisualEffectGraphs":true,"m_FxEnabled":true},"in2DMode":false,"pivot":{"x":2.240769386291504,"y":-0.06344155222177506,"z":-0.6196910738945007},"rotation":{"x":0.01586068794131279,"y":-0.9926264882087708,"z":-0.029758352786302568,"w":-0.1260785460472107},"size":1.3429735898971558,"orthographic":true}