{"cameraMode":{"drawMode":0,"name":"Shaded","section":"Shading Mode"},"sceneLighting":true,"audioPlay":false,"sceneViewState":{"m_AlwaysRefresh":false,"showFog":true,"showSkybox":true,"showFlares":true,"showImageEffects":true,"showParticleSystems":true,"showVisualEffectGraphs":true,"m_FxEnabled":true},"in2DMode":false,"pivot":{"x":317.56500244140627,"y":206.6666717529297,"z":1.5299997329711915},"rotation":{"x":0.029179900884628297,"y":-0.2824559509754181,"z":-0.003957934211939573,"w":-0.9594547152519226},"size":906.9298095703125,"orthographic":true}