{"cameraMode":{"drawMode":0,"name":"Shaded","section":"Shading Mode"},"sceneLighting":true,"audioPlay":false,"sceneViewState":{"m_AlwaysRefresh":false,"showFog":true,"showSkybox":true,"showFlares":true,"showImageEffects":true,"showParticleSystems":true,"showVisualEffectGraphs":true,"m_FxEnabled":true},"in2DMode":false,"pivot":{"x":2.013847827911377,"y":-0.1712217777967453,"z":-0.49868249893188479},"rotation":{"x":-0.17484734952449799,"y":-0.6802215576171875,"z":0.1834620237350464,"w":-0.6890190243721008},"size":0.7848877310752869,"orthographic":true}